{
    "glass": 0.016226569489774745,
    "traceroute": 0.011233498740071363,
    "ping": 0.010647686536318576,
    "ipv4": 0.010416644584645392,
    "width": 0.00975370620270806,
    "ipv6": 0.009703336068638612,
    "looking": 0.009589034766010463,
    "test": 0.009252409000234642,
    "network": 0.008622917823876029,
    "lookingglass": 0.008350645077210674,
    "ping6": 0.00724199513813636,
    "traceroute6": 0.007218133238613135,
    "mtr6": 0.007154388581139558,
    "container": 0.0068827629761874145,
    "https": 0.006261479111125364,
    "mbit": 0.005792068233333681,
    "javascript": 0.00512343136066576,
    "locations": 0.005066583427414663,
    "tests": 0.004823964958757814,
    "safari": 0.004761512216280972,
    "100mb": 0.004728219768272115,
    "iperf3": 0.004522493283666292,
    "hybula": 0.00423432421196372,
    "location": 0.004213735522589746,
    "host": 0.004178520488102506,
    "initial": 0.004143032107101141,
    "route": 0.004095467165071567,
    "servers": 0.004072788131372795,
    "prefixes": 0.004063333405863245,
    "scale": 0.004052745674293398,
    "html": 0.003989285248472771,
    "peeringdb": 0.003946753857732584,
    "frankfurt": 0.003868575519933388,
    "powered": 0.003846517791907488,
    "address": 0.0038027598457034983,
    "footer": 0.003771763213133938,
    "singapore": 0.0037461212443316767,
    "results": 0.0035689012970302136,
    "device": 0.0035643854787981255,
    "hosting": 0.0035026186268730672,
    "dislike": 0.003245695144615233,
    "legend": 0.0032436014431339475,
    "styles": 0.003230532661628856,
    "server": 0.0031550324153541177,
    "speedtest": 0.0031151965873614023,
    "netherlands": 0.0031136646984192564,
    "amsterdam": 0.003043869521656043,
    "hostname": 0.0030021061565116713,
    "router": 0.0029851613964697646,
    "house": 0.002810630557818866,
    "regex": 0.0027973320858441612,
    "reset": 0.002723908429352826,
    "show": 0.002715347123180547,
    "copy": 0.0027104087715816368,
    "information": 0.0025508541570601925,
    "site": 0.002466051741730061,
    "files": 0.0023232167894136147,
    "parameter": 0.0023228906429297092,
    "header": 0.002303877990773023,
    "dedicated": 0.0022989448638419574,
    "angeles": 0.0022346860391128627,
    "query": 0.0022123184814350654,
    "context": 0.0021950022411115285,
    "telephone": 0.002163070396850888,
    "company": 0.002141492334102728,
    "dallas": 0.002137474065583893,
    "jitter": 0.002136299641475278,
    "1000mb": 0.0021192990954540273,
    "elements": 0.0020966258774902363,
    "download": 0.002091223925392016,
    "100m": 0.0020302939504476766,
    "50mb": 0.0020201966441676274,
    "tokyo": 0.001962915113771689,
    "ltda": 0.0019589219652955416,
    "telecom": 0.0019581864654250143,
    "hong": 0.0019352573932570976,
    "500mb": 0.0019327483494976556,
    "hyperglass": 0.001911592847562871,
    "kingdom": 0.0018887223161956615,
    "virtual": 0.001886867042767235,
    "target": 0.0018689182143063318,
    "noindex": 0.0018665499366748934,
    "london": 0.001866334657368367,
    "germany": 0.0018606297319647502,
    "prefix": 0.001860274590481796,
    "kong": 0.0018528277375017238,
    "select": 0.0018070629698312152,
    "25mb": 0.0018049324053927903,
    "execute": 0.0018001988405610431,
    "website": 0.0017825439409057833,
    "path": 0.0017408973348342768,
    "routes": 0.0017355249987226914,
    "india": 0.001716892430127792,
    "mumbai": 0.0017155287420971286,
    "benchmarks": 0.0016991928496567792,
    "cloud": 0.001693352809542816,
    "united": 0.0016820222262645672,
    "command": 0.0016447790827709904,
    "review": 0.0016289491040559529,
    "\u0445\u043e\u0441\u0442\u0435\u0440\u0430": 0.0015782918293166452,
    "speed": 0.0015486395251773756,
    "reviews": 0.001490650230027005,
    "madrid": 0.0014901132302373229,
    "sofia": 0.0014566367559289862,
    "peers": 0.001452343840053278,
    "opengraph": 0.0014440614199658312,
    "your": 0.0014304905385585898,
    "upload": 0.0014288798481788176,
    "sydney": 0.0014182425349032674,
    "open": 0.0014141523142410495,
    "source": 0.0013890038101810006,
    "city": 0.0013803333446092841,
    "paulo": 0.0013759106118518165,
    "ashburn": 0.0013714725249171485,
    "support": 0.0013546958301953848,
    "miami": 0.001340536683659091,
    "luxembourg": 0.0013320282093318195,
    "trace": 0.0013095951706933683,
    "sitemap": 0.0013043021586104729,
    "seoul": 0.0013007815347269422,
    "bulgaria": 0.0012936966070152915,
    "chicago": 0.0012764075143942978,
    "ripe": 0.0012497903429263032,
    "poland": 0.0012370145639996643,
    "loading": 0.0012230234885038666,
    "bucharest": 0.0012216760570070472,
    "johannesburg": 0.001211606052144479,
    "warsaw": 0.0012080225108981044,
    "jakarta": 0.00118690366020555,
    "originated": 0.0011862836269046645,
    "facility": 0.0011784831990391813,
    "peering": 0.001175051179780615,
    "center": 0.0011723118556253595,
    "ukraine": 0.0011712713181450424,
    "japan": 0.0011697705653680578,
    "21325b": 0.0011680362174157318,
    "equinix": 0.0011618974509922983,
    "method": 0.0011614780170333787,
    "spain": 0.001160882563167708,
    "romania": 0.0011556846371082398,
    "kyiv": 0.0011459787546572937,
    "enter": 0.0011187492579671754,
    "peer": 0.0011149993951495927,
    "10mb": 0.001099915724814259,
    "200mb": 0.0010913037004491224,
    "york": 0.0010660140314779655,
    "http": 0.0010597010538584022,
    "main": 0.001058582730573157,
    "secaucus": 0.0010579076550255538,
    "stockholm": 0.0010546442126563723,
    "france": 0.0010535697410116785,
    "seattle": 0.001039811509145274,
    "indonesia": 0.001039614061098207,
    "vultr": 0.0010384376302906208,
    "companies": 0.001037974626318872,
    "networks": 0.0010315419042961262,
    "node": 0.0010123122460188674,
    "routing": 0.0010111613193294238,
    "canada": 0.0010078555948728845
}